name;price;weight;manufacturer;barcode
Key Saohome;75243.22;4770.37;Fisher, Lowery and Gordon;10505779
Via Hotron;29838.83;1619.72;Bell, Massey and Daniel;25556094
Voltair;84220.57;8988.57;Jones PLC;46926852
Sumtop;21379.79;5713.0;Arnold and Sons;41183410
Lab Tax;98823.61;3074.72;Dawson and Sons;17554817
Jayhold;28802.25;6694.2;Young-Patterson;21814556
Bioanlab;43188.75;2090.86;Bernard-Ryan;23736535
Ope Job;58896.75;8074.67;Garcia, Woods and Liu;11426370
Stringstrong;24858.53;3722.42;Bennett, Murphy and Smith;56081282
Substock;40252.93;8402.45;Garcia LLC;06208288
Bigflex;5580.06;3241.29;Kelly, Morris and Keith;74214631
Medcanla;13060.25;209.06;Gross Inc;80975830
Nam Candom;22688.93;3289.21;Dawson, Hughes and Hernandez;95420547
Xxx- Ozelex;17300.38;6670.97;Johnson Group;76353482
Alphabam;54255.98;9556.62;Perkins-English;17552509
Geo-Dom;90437.58;728.04;Forbes PLC;79038317
Don-Touch;29547.8;3527.8;Olson, Gibson and Kline;84138064
Golden Zunla;22443.47;5743.78;Brown-Hatfield;01814880
Warm Siltouch;92058.94;5856.37;Frank Ltd;73881698
Key Is;85472.85;6221.83;Silva Inc;80556497
Tan-Light;18553.01;3722.7;Nichols, Williams and Craig;57742861
Temp Zootop;64704.83;5346.59;Frederick, Price and Morrow;25578072
Bio-Lab;17632.66;1289.34;Young LLC;20129231
Tampstring;44023.16;7329.49;Lowe-Anderson;38185717
Opeity;28581.14;8915.34;Richardson and Sons;65663967
Zimtoron;82925.12;4414.35;Barker-Cunningham;48380010
Lightstring;85497.9;594.57;Cook PLC;50966882
Donmatfind;16075.28;9283.94;Black, Griffith and Clark;42796183
Faxtex;20955.88;3498.28;Armstrong, Hammond and Padilla;62379113
Mattip;44720.73;2480.04;Nguyen, Williams and Thompson;29414871
Qvocom;21939.43;9298.71;Moyer-Cross;36379835
Stock Fax;42578.33;1353.6;Yates-Wang;63311419
Tamfresh;17682.37;258.68;Shields, Reilly and Jenkins;22846945
Sancom;70160.84;952.45;Hays and Sons;68769451
Sonlex;9333.25;671.26;Beck and Sons;76272325
Zen Com;3893.54;6882.65;Williams, Brown and Allen;64775814
Don La;65750.7;3099.11;Day LLC;40106823
Fasetam;70743.82;850.17;Higgins, Wilson and Patrick;82236489
Hototfind;31414.14;3264.32;Ramirez Group;72008485
Rankin;74680.49;3436.55;Hooper Group;20475062
Singstattouch;39392.58;2405.14;Butler, Bailey and Booth;91369819
Tempzap;32706.62;7005.26;Hudson, Webb and Matthews;99858346
Groove Tex;90921.84;411.31;Cooper, Bryan and Moore;59991526
Zummasanlight;93561.28;8504.95;Baker, Torres and Beard;96871164
Infix;98198.7;6148.24;Delgado, Johnson and Carlson;41772607
Greenis;52518.33;5425.69;Freeman LLC;03325780
Tam-Top;68196.91;3459.79;Noble, Lopez and Mcdonald;84183194
Fresh-Bam;36129.62;6216.46;Smith Ltd;17094832
Bigremity;16635.47;152.14;Conway, Baker and Smith;35060307
Statstock;40630.78;6332.5;Sharp, Dennis and Zimmerman;25994896
Dentolex;23254.91;5895.1;Johnson LLC;39123411
Lat Com;78397.77;7059.38;Torres, Johnson and Conway;18814279
Zummatone;28080.45;2395.45;Obrien-Williamson;92151239
Goldentone;68431.8;5639.72;Nunez, Pace and Chapman;73712749
Freshbam;1233.02;4536.98;Watkins, Gonzalez and Foster;67972142
Strong Soft;75982.2;9568.99;Frazier, Williams and George;90095986
U-light;50651.6;5423.89;Kim, Stanley and Weaver;15588388
Y-la;1955.11;1961.09;Anderson, Long and Griffin;48343923
Ontofan;72020.53;8256.28;Oneill and Sons;40040738
Bigtex;28492.25;2124.74;Valentine-Williams;08180438
Y-zap;59254.23;5016.28;Walters PLC;87497113
S-lam;56456.42;2692.16;Rojas, Baker and Alexander;71906317
Anlex;36488.22;3896.04;Russell-Williams;88118192
Rekix;6825.85;6837.22;Bradford-Wallace;73714729
Treslab;85146.13;6021.76;Burns-Robinson;20153182
Bigsing;26144.22;9940.36;Moore, Jones and Morris;34724378
Is Tex;54520.04;3624.02;Russell, Mcguire and Chang;66453789
Hat-Ing;82995.64;1501.0;Cunningham-Young;71471419
Tiptamlam;82555.0;8258.82;Orr Ltd;53318343
Toughfinlam;63226.2;8750.09;Barber-Herrera;47516427
Fixcore;95436.12;8527.2;Wheeler, Novak and Cooper;68891220
Dripplus;69797.13;5648.35;Davis, Johnson and Davis;93960021
Stat Strong;24306.24;6738.76;Watkins-David;63857832
Toughcore;94684.75;6916.18;Fuller, Burgess and Chavez;89670989
Zotron;85444.43;7297.36;Brown, Torres and Baker;94813654
Sandubin;83625.06;900.15;Rhodes-Bradford;18747140
Labstock;46957.9;9818.55;Thomas and Sons;84998095
Ran Lamtom;60300.3;1865.74;Williams, Nelson and Lee;07885426
Lafix;76814.49;4870.41;Nguyen Group;05224449
Warmit;11204.14;1013.29;Valdez, Hoffman and Wright;84468796
Lexifax;31107.27;1188.66;Wong, Silva and Roberts;68521776
Truedom;6915.35;9361.04;Jenkins, Walter and Carlson;00158244
Zotcom;76232.45;8369.02;Smith Group;48804479
Warmfix;18640.01;2169.18;Wright Group;83987069
Statzoostrong;60618.59;378.35;Parsons, Martin and Green;25097115
Singlelux;36390.25;7111.73;Lindsey-Bailey;57409337
Haytone;86084.7;9164.37;Weaver PLC;74763672
Air Latlax;4671.49;658.51;Doyle, Armstrong and Kelly;20376116
Antex;7416.15;9803.41;Ware-Gonzalez;84184658
Lighttinfresh;60624.8;9735.8;Stanley-Perez;31979863
Zaamfax;55827.77;7261.63;Ford-Graham;99997250
Sanfix;78791.26;4136.33;Ruiz, Leonard and Gibson;10084748
Quo Tom;19140.1;5042.53;Hodge Group;39803375
Redlux;84103.88;6533.24;Murphy LLC;27381939
Fixhold;25282.1;1034.21;Carson Group;59187066
Sanstock;52573.91;4163.15;Delacruz, King and Turner;46838384
Vivais;29479.28;4138.78;Quinn, Cain and Jenkins;82965211
Isair;65840.74;6778.66;Cervantes-Thompson;84730015
Scotlax;88445.52;2857.57;Cook and Sons;47611924
Lexi Zamlab;87735.94;159.71;Meadows-Deleon;44588106
Dam Remlam;94565.82;2223.97;Walker-Short;69763168
Toughin;74973.55;5658.56;Huff-Scott;65473153
Quo-Zap;47082.66;3286.06;Perez-Vaughan;00407403
Toughair;86468.23;3089.91;Morris, Reyes and May;74597741
Phys Sanbam;70155.54;4863.1;Kelley Group;40565019
Blacklex;3614.82;6264.95;Zavala-Jones;13291952
Doning;63568.67;8490.37;Torres, Lozano and Rogers;73850540
Saolax;11480.24;5986.9;Weaver-Fox;24692847
Saltity;68834.25;9997.55;Estrada Inc;25095463
Zone Soft;83717.02;3686.05;Chavez, Gamble and Robertson;26121055
Biorancom;9447.16;8449.1;Williams, Murray and Mercer;14514449
Tamflex;14960.66;8165.26;Fitzpatrick, Thompson and Sanchez;52375484
String Light;48023.14;1492.24;Knox, Payne and Thomas;07193545
Donin;28769.78;2509.2;Zamora Group;47426542
Free-Is;41403.17;5605.72;Little Group;66490401
Zunjayair;19848.18;5550.99;Escobar-Weaver;97963622
Zen-Dax;14765.0;673.56;Alexander LLC;37927714
Yearlex;54179.24;9705.61;Clark-Mendez;15627377
Fresh Ron;5162.62;4853.25;Davenport-Fisher;07638916
Toughdom;73164.4;7535.19;Brown, Murphy and Marquez;99592325
Vila Lex;76075.68;7777.88;Carson and Sons;21361678
Groove Traxtom;29846.5;8008.42;Thomas Inc;74808236
Stronghold;17443.0;4434.42;Davis, Perkins and Johnson;48386623
Stat Flex;21382.57;9348.75;Anderson PLC;66482437
Inchity;268.96;2283.22;Roberts PLC;98469550
Konkplus;86028.16;2910.22;Chen Ltd;30329294
K-phase;78813.2;5326.8;Cook-Page;37069940
Round Runkix;57761.7;2909.12;Vasquez-Wilson;07421198
Voyasing;659.56;4508.49;Obrien, Gordon and Anderson;64771977
U-tone;44422.44;3593.48;Rosales, Carpenter and Dawson;74135110
U-kaytom;64278.66;3496.29;Peterson Group;35763468
Sonlam;71650.52;355.25;Franco-Miller;68587086
String Fax;35845.85;8231.94;Roberts, Webb and Davis;98124336
Statdax;95642.94;6887.83;Medina, Tran and Aguirre;46053916
Zimdom;8393.91;9990.97;Lewis, Jefferson and Roth;33736228
Zonfan;68017.05;8805.59;Becker-Joseph;27098776
Isin;41548.48;9126.71;Mendez, Johnson and Flores;88688213
Grooveing;93779.94;3146.62;Sandoval, Giles and Collins;39540249
Yearin;31344.32;2529.26;Moore-Gutierrez;73702566
Zaam-Fan;10565.74;4836.36;Munoz Ltd;15077776
Doubletrax;18433.91;4873.52;Howard-Clark;04577461
Gold Zumstock;59955.88;7670.78;Baker-Boyd;11229247
Biotip;63907.88;6616.55;Sanchez and Sons;63032574
Tripple-Lex;32939.87;5399.04;Lewis-Frey;53064813
Green Com;76814.41;2405.02;Fowler-Santiago;01731163
Stringdox;82974.63;3480.64;Smith-Warren;23868311
Groovesing;81928.63;4148.5;Johnson, Thompson and May;95947716
Itranflex;35773.93;4924.53;Griffin-Sullivan;57680927
Saillamstrong;75443.04;9222.13;Alvarez, Thomas and Krueger;03827024
Goldentam;37832.45;451.16;Schmitt-Burns;54909397
U-qvohold;9894.09;5467.65;Russo LLC;07555275
Zonelight;5668.35;5652.31;Burgess LLC;55577823
Triodom;55552.72;3007.78;Smith-Lucas;93800914
Medair;34384.33;7689.32;Ashley-Harris;17619196
Ran Core;53111.32;6293.01;Simpson-Logan;13238322
Airit;69483.34;4420.69;Hicks, Gallegos and Bell;90676338
Zummarandex;27154.54;5852.7;Hudson PLC;47870451
Sublam;37543.51;5548.92;Morales, George and Owens;36918317
Donfresh;45514.05;7011.48;Medina-Johnson;81029570
Zam-Tax;7431.63;2786.84;Benson, Stewart and Ramos;81084203
Zone Sing;64358.46;3693.7;Foster, Morrison and Smith;69249112
Sao-Trax;63025.94;3374.37;Wade Group;64067292
Warmflex;37391.77;6203.92;Medina Group;88198996
Alphafinnix;3971.47;4845.54;Summers, Smith and Woodward;66714026
Goldenstock;88373.02;4819.2;Turner PLC;82662271
Y-ex;82707.88;5429.29;Johnson PLC;67553310
Ecowarm;78523.52;1519.33;Robertson LLC;20879730
Alpha Namron;33799.93;1984.18;Kelly-Black;41072912
Contax;45404.21;9497.24;Harper and Sons;76068133
Gravenix;66937.59;8493.05;Leon and Sons;17998130
Newlab;77336.52;148.89;Hansen-Norton;68893507
Uniplus;52480.17;8664.3;Rodgers Group;39929082
Superhome;89479.64;8778.08;Perez-Thompson;11535478
Beta-It;18517.98;741.45;Clark-Garza;05656080
Freezambam;55153.06;7295.49;Miller-Pierce;82893910
Groovetoncof;80435.83;9168.37;Gilbert-Fritz;47349506
Villazap;67120.48;887.31;Pope and Sons;66239246
Zoo Raning;88727.54;1266.94;Chang-Shaw;34646267
Xxx- Namhome;53703.11;9077.72;Archer Ltd;03446461
Apla;10045.86;4810.09;Flores, Lopez and Baker;67567010
Can Totip;67346.35;3172.04;Good-Moore;56282016
Drip-Tom;80606.45;7373.03;Wong Ltd;64746791
Una Hotstring;40174.14;5172.8;Fields-Palmer;26834818
Laity;64015.82;9460.55;Jones, Riddle and Warren;16134874
Move Traxtouch;11690.43;1030.26;Miller-Ortiz;71278681
Air-Kix;22114.06;4468.97;Oconnor, James and Rogers;76115639
Canbam;2797.21;5513.09;Collins Ltd;06216948
Villais;74424.0;760.8;Dixon-Davenport;64109732
Keyozetough;96534.84;4682.52;Hernandez-Rodriguez;05198009
Kay-Phase;9861.14;8006.79;Wilson PLC;42513476
Sonhattough;84424.73;2199.25;Hill-Bailey;32278231
Finzap;77808.53;3904.84;Barr-Gilbert;24887427
Hot Qvowarm;16243.97;4504.0;Ball Ltd;67962075
Zathplus;31570.81;8677.68;Medina-Cervantes;22968142
Hototzap;38934.1;1042.65;Willis, Bell and Golden;10799208
Viaranstock;58970.96;2005.72;Nichols-Brown;70841749
Sonsolofresh;20263.52;3396.69;Wilson Ltd;98830497
Labsunron;77447.64;2605.14;Hensley, Allen and Acosta;34930892
Icestock;99975.29;854.48;Lopez LLC;95525037
Zerstring;16270.12;5087.82;Frank, Wyatt and Booker;73029472
Tophold;93542.3;2475.61;Briggs-Brown;81337088
Alpha-It;4584.55;1461.57;Turner, Stanley and Johnson;20091255
Singla;92225.62;830.4;Patterson, Armstrong and Walsh;70149265
Freehold;57440.89;6632.7;Duran LLC;62223058
Kon Donfix;82010.67;5109.61;Williams PLC;70257304
Volfind;69787.66;5224.71;Cook-West;73744818
Lexilight;26318.47;3469.24;Blevins-Chapman;03282816
Tinzap;84010.04;8838.42;Kelley Inc;42539261
Geolatdex;81542.55;2946.69;Ross LLC;37978754
Zumma Tough;41442.39;8748.69;Harper, Roach and Roberts;66842064
Home Fix;35563.01;2457.3;Howell, Kelley and Perkins;07473647
Medovelight;77904.41;972.9;Spears and Sons;08298409
Over-Tom;45640.41;6225.08;Estrada-English;76632198
Techbam;76274.53;9003.06;Gomez LLC;36883806
Goodfax;58589.61;8519.87;Roberts Group;60723338
Zot Quadsing;79677.48;708.25;Ibarra, Estrada and Olson;86934299
Xxx--Ity;49654.63;1793.92;Williams, Gray and Massey;15941022
Green Top;79691.94;9868.9;Robinson-Hill;49728477
Zontom;99043.68;4231.78;Garcia-Avila;74851041
Latla;10941.28;940.93;Steele, Hall and Walker;39150929
Reflex;91817.82;8356.26;Boyd-Huynh;01980134
Open-Phase;61434.98;1687.97;Jefferson Group;20380434
Xxx-light;70327.23;1401.8;Becker Ltd;94937992
Unoplus;96275.32;9835.51;Collins-Jackson;99476830
Voltron;85747.33;3754.7;Herrera, Lloyd and Thomas;65270219
Dandax;16165.95;1665.86;Rios and Sons;62683302
Ap Job;80339.15;2570.24;Moss, Foster and Wong;76569036
In-Zap;10166.04;164.63;Dunlap Group;57098869
Volttone;45936.53;1725.52;Humphrey-Garza;14366543
S- Tex;71548.29;457.63;Herrera-Choi;14080968
Via-Is;3759.43;9836.15;Fleming-Morris;34193334
Statlight;44312.98;8793.07;Howard, Adkins and Hicks;47958180
Sol Cof;2591.89;9489.6;Allen-Rodriguez;01787184
Hayhold;62338.37;8846.76;Mendez, Smith and Austin;78476400
Biotam;6736.28;9445.59;Matthews-Miranda;87122435
Faxfax;12604.23;3191.49;Ramirez-Wood;83502705
Transjob;52396.77;4166.68;Mendoza, Lang and Huerta;60988096
Contrax;85171.02;4468.5;Taylor-Mills;37606039
Homestrong;80974.43;4771.95;Jones Ltd;10433867
Overfresh;34558.22;1660.99;Ward, Tran and Tucker;30724136
Voyahold;56811.33;3653.46;Lewis-Hutchinson;87135220
Onto-Tex;42393.48;9909.18;Villanueva Group;07518980
Alpha-Job;73985.21;6298.98;Perez PLC;83577574
Fax-Tip;74756.59;5597.39;Byrd, Bradford and Anderson;53915740
Itphase;56877.18;1521.6;Zimmerman and Sons;52932069
Haycom;90367.98;1369.57;Chandler-Lee;01785814
Zim Ranbam;72886.65;1600.32;Walker, Tran and Davis;51454678
Duolax;50064.21;3547.14;Pierce-Lee;70856743
Sil Lamin;70196.62;8526.87;Ward-Parks;69076664
K-strong;20628.07;9273.33;Rivera and Sons;27638804
Phys Dex;57182.39;3971.56;Friedman-Young;15692382
Geolight;87129.69;2862.08;Jackson-Lewis;25729016
Trust Antip;26504.58;9102.71;Cole PLC;91141132
Solzap;20077.06;1027.93;Jones, Hansen and Stokes;62275958
Pluszamtech;49159.52;8929.15;Smith, Kim and Arnold;87793864
Zuntop;69583.84;7755.85;Gonzalez LLC;48410618
Coflex;6940.58;7526.69;Burton Inc;38278020
Zoostring;54724.4;3412.25;Duncan, Conner and Brandt;50428854
Inchtam;18807.73;1280.85;Buckley-King;85443976
New Phase;76076.78;6549.98;Anderson, Savage and Lin;09035355
Dalttax;4942.64;8570.77;Reynolds PLC;65695371
Itex;69673.59;639.18;Anderson-Graham;48277327
Silver Lam;30533.2;9156.63;Haley, Sanchez and Sanders;73543688
Hot Tois;6123.99;9468.3;Perez Inc;06539290
Zotzamstring;55051.33;9521.78;Rodriguez and Sons;02474779
Zen Sontouch;75342.12;676.74;Mccarty-Craig;08466518
Trans-Touch;71463.53;1159.4;Johnson-Gallagher;07070884
Hayfresh;76901.56;7690.09;Hardy and Sons;59946649
Vollotex;96320.81;1964.7;Williams PLC;47510418
Una Dubflex;24462.22;2261.61;Matthews PLC;20965464
Vivahold;61822.91;3325.4;Carroll Inc;51360535
Airtouch;57932.66;9019.83;Miller, Moyer and Nolan;73696889
Hat-Fresh;11126.31;8313.06;Moreno, Berry and Johnson;12712045
Zimtom;81930.95;1704.02;Fitzpatrick, Armstrong and Coleman;16442030
Zumflex;76237.73;5898.76;Petty, Freeman and Elliott;38977237
Inlight;51479.95;5578.54;Casey, Burns and Villa;19493190
Airzunhome;85143.05;6276.42;Barrett-Johnson;07530609
Gravefix;13775.16;782.66;Turner-Burke;52230295
Kan Canity;77314.47;1171.2;Collins, Ramirez and Brown;92793200
Zonlex;34661.51;1665.34;Roberts, Gutierrez and Russell;50248254
Conzumtough;49597.54;3126.07;Arnold Inc;40256290
Treszootom;47224.1;5634.97;Butler, Williams and Harrison;93097031
Dan Fan;22571.76;4031.72;Martin-Benjamin;74391226
Nimfresh;87208.06;9679.81;Anderson-Hoffman;59161349
Tamptop;44239.63;1396.18;Hernandez LLC;94907124
Singwarm;12415.82;6425.27;Collins-Johnson;07068683
Moveis;37379.9;2474.97;Mcpherson, Petersen and Murray;37062729
Hotlatdox;68922.79;2824.2;Harris and Sons;89150610
Geotintex;87573.98;6633.1;Alvarado-Blevins;53566317
Trio Kayis;12491.09;9790.89;Chavez, Cervantes and Ramirez;91716866
Lab Candom;83946.1;2289.62;Stein, Russell and Miller;88684208
Mattop;52814.11;5972.58;Gregory-Cervantes;43875139
Silcom;66551.78;8383.04;Clark-Walker;66127079
Fasehold;94147.86;1498.82;Dunn LLC;69580284
Viatam;94348.86;1830.12;Castillo and Sons;73473107
Spanflex;99218.04;749.84;Parker, Lopez and Murphy;55123532
Blue-Soft;67339.17;5026.18;Singh-Arnold;50998425
Doublefresh;75262.33;1905.12;Young Group;51197445
Daltit;37207.08;808.47;Jackson-Lee;96692080
Goldenlam;27672.22;3365.46;White, Grant and Alexander;91451606
Zoo Tinron;82560.71;1338.65;Patterson, Gilbert and Dunn;63208351
Softair;48055.59;7773.89;Jenkins Inc;37963064
Eco-Bam;19267.16;9960.24;Browning, Mata and White;87412499
Dentolight;79290.01;6916.21;Lewis Inc;01174052
Tamfresh;6674.74;2892.97;Martinez, Logan and Anderson;66860860
Trisflex;26735.54;1778.25;Roberts-Hampton;33034768
Rank Fix;68931.92;5071.87;Walker, Munoz and Jordan;55710985
Roundlex;55234.67;1615.78;Rose, Briggs and Evans;12678174
Bluetex;46950.61;9547.08;Noble and Sons;06840396
Eco Dax;12595.4;1455.02;Clark and Sons;45218927
K-remsoft;14532.38;9031.11;Harrell-Liu;31085625
Betagohome;47465.72;3956.04;Lee, Burns and Herrera;01551945
Ronity;39747.32;9759.79;Gordon Ltd;31469333
Ran Zap;83335.76;3710.69;Baird-Mata;53898364
Lattone;34808.28;2560.95;Bean-Higgins;75437596
Sum Ity;48393.29;4750.8;Henderson Group;44734657
Openwarm;14539.84;4785.49;Lane-Monroe;24975889
Trislux;53139.1;1371.22;Rodgers, Fletcher and Klein;52688867
Alphaing;11778.35;8818.85;Andrews Group;74835942
Voltstrong;25083.78;1272.03;Bridges Ltd;98415670
Tough Keyin;14807.15;3254.86;Smith and Sons;28550396
Runin;90933.39;2027.99;Bishop and Sons;36888320
True Tanlex;16907.82;8195.78;Taylor-Jackson;74373574
Flexlam;49372.94;2506.26;Ingram-Lloyd;06809454
K-la;49556.32;6656.93;Jackson-Delacruz;73132745
Tempbam;52057.55;8194.83;Boyd, Mckenzie and Harvey;44755409
Sailtam;60323.59;472.13;Medina PLC;75639327
Kinsoft;17369.17;3828.92;Gray-Deleon;73161288
Nimlax;63965.47;3768.1;Brown, Lee and Mccall;51730376
Latex;37538.48;6139.72;Mcdowell Inc;44782511
Fax Dublax;74844.13;9064.49;Campbell PLC;21223488
Jayeco;44361.61;8835.64;Gilbert, Carlson and Vargas;48901246
Salttough;84912.04;8065.06;Patel Ltd;67778638
Coftam;84635.12;9887.33;Phillips, Potter and Davis;16082021
Volt Dinstrong;70620.44;6289.01;Allen, Ward and Long;40638416
Goodstock;51497.44;2820.04;Miles-Young;39980281
Volting;69204.52;5001.86;Arellano-Jackson;34958650
Triofan;12023.39;7305.66;Patton, Powell and Parker;03758809
U-strong;76233.68;6931.17;Ramsey, Baker and Gonzalez;60333285
Softnix;1448.74;6426.29;Villa and Sons;37470296
Stansoft;71162.1;7057.49;Fisher, Padilla and Mitchell;39504821
Greensoft;223.93;2841.77;Rogers-Bartlett;06205829
Trislax;83335.82;3324.36;Baxter Group;14790041
Ran Find;79778.69;9397.05;Murphy, Baker and Guzman;71921952
Alphatouch;11078.24;9894.39;Gibson Inc;74595389
Unotam;82454.9;4036.02;Scott, Melendez and Patrick;38981302
Lexifind;16418.22;5034.3;Johnson-Rubio;54197602
Toneco;20669.8;8670.75;Wilson, Davila and Carter;72005149
Topis;55065.69;6077.0;Robertson, Faulkner and Williams;85122659
Quostrong;43311.15;3899.64;Murphy, Cantrell and Lyons;65814284
Ran Strong;6813.09;5691.38;Bartlett LLC;10372876
Statdonstrong;88960.19;3098.08;Lawson Inc;28676577
Quadnimfan;75172.28;9861.0;Long-Dougherty;28540236
Rantone;42220.53;2059.1;Hodge PLC;45252945
Bio Stock;64478.72;2861.67;Richardson Ltd;35938729
Trustlam;49823.15;757.21;Wolfe LLC;93813198
Ranit;92137.51;9991.76;Richardson PLC;36290383
Topcom;61956.79;8697.82;Jackson LLC;85236042
Free-Find;29554.28;1687.72;Parrish Group;87136951
Vaiafan;40275.03;387.43;Jones-Conway;83620119
Trustair;52105.04;2421.54;Bailey Group;27929186
Goodtip;38116.19;8861.92;Stone and Sons;76257315
Zoomtech;68752.28;530.92;Kennedy PLC;38633966
Overlux;98454.25;1098.58;Herman-Robinson;79772198
Techjob;21621.85;9536.39;Williamson, Knight and Nguyen;55387552
Dinglam;34014.96;7393.19;Hubbard, Garcia and Baldwin;11914501
Sum Tip;38121.85;4751.6;Martin Inc;37315733
Zumhome;71616.83;446.94;Brown-Oliver;58622681
Lexi Tone;70785.24;6036.09;Alexander-Mitchell;61388697
Bigkix;97798.71;3488.29;Gibbs LLC;58017531
Drip-Find;62549.79;5799.84;Smith PLC;41903377
Lightfax;86052.67;7838.45;Scott, Thomas and Cervantes;09326217
Zath-Stock;81322.36;4589.28;Webster, Harrison and Brown;67896066
Zimfind;63856.3;5194.74;Yang PLC;49791013
Mat La;29003.22;6174.58;Clements-Williams;47677241
Tripple-In;7930.49;1527.62;Leonard, Bradley and White;18769722
Bam Dubzap;54173.58;6193.15;Marshall-Torres;29354504
Icecore;46678.66;1060.05;Rios Group;86107792
Saltplus;65130.87;8612.91;Washington, Potts and Solomon;76984730
Mat Top;74029.25;3875.21;Lawson-Roberson;20424800
Vaia-Lax;40747.44;564.97;Simmons, Saunders and Payne;14658327
Unaex;49901.81;2439.55;Carey-Perkins;95297637
Silverfind;83697.61;116.51;Pierce and Sons;94165876
Rank-Fan;58052.4;5029.03;Taylor Inc;92383111
Qvo-Tough;50667.29;8405.0;Holland, Taylor and Frazier;54327092
Zoom-Tip;9113.7;858.37;Tanner, Davis and Knight;03845882
Tree-Flex;73863.99;9630.55;Romero Ltd;81186334
Nam-Tam;3299.83;1713.49;Rosales, Liu and Solomon;68403836
Med Lamzap;3933.67;8381.91;Jensen, Fisher and Rice;62512084
Hotlax;70847.1;7581.52;Gill LLC;58546765
Lamron;6762.74;1521.54;Campbell-Barrett;12479016
Zuntone;1977.83;2473.53;Wilson LLC;59556343
Zoois;26344.88;8343.71;Taylor PLC;58521526
Trusthome;98703.16;702.13;Carney-Fisher;45015540
Dan-Air;59383.73;5800.28;Black-Harris;18014389
Kan-Tone;38744.8;6886.22;Williams-Williams;53442789
Quo Nimfax;11832.67;4727.23;Perez, Lee and Dunn;21729904
Freshtom;3143.5;5745.33;Brooks-George;14572821
Trustlam;68263.08;9773.65;Bridges-Ellison;73784685
Ozerity;11032.54;9734.31;Ballard-Thornton;39656230
Tech Sing;42679.35;6580.16;Williams, Christian and Ayala;35182108
Trisfind;14315.29;6905.17;Ferguson, Montgomery and Brown;95851006
Tamplight;87201.85;7644.79;Peterson Inc;82474126
Dento-Eco;53968.8;3203.98;Savage, Robertson and Cherry;85087927
Lait;65072.25;4924.85;Swanson-Robertson;38287138
Hot Dex;60758.18;1350.74;Martinez-Garrison;86818360
Konkstock;10393.17;207.92;Miller, Pennington and Brown;46429117
X-plus;59311.31;7027.12;Carter PLC;79099813
Scotlam;29668.9;8310.71;Miller, Hudson and Wilson;69288722
Xxx-com;59569.02;573.48;Smith LLC;21425332
Yearlax;20923.32;9673.19;Miller-Howe;41660027
Hottax;186.17;1034.6;Hamilton, Scott and Delacruz;61168473
Confix;364.72;3235.67;Duncan Ltd;81574292
Lottop;1442.2;8921.87;Rollins, Parks and Fernandez;76220715
Danozeflex;94796.41;9847.18;Maddox-Esparza;82043230
Airtam;55110.36;4552.64;Wolfe, Pratt and Johnson;41244319
Zam Ozestring;6156.7;1320.45;Myers, Stephens and Moore;10662410
Lexising;33374.68;2004.82;Jacobs-Farley;37057831
Good-Lam;89382.1;9959.76;Jackson-Palmer;63417715
Ton-Lam;14140.4;5924.79;Martinez, Levy and Taylor;34019467
Zoo-Strong;83960.35;949.73;Leonard LLC;27322925
Icelex;40287.36;3577.81;Brady, Anthony and Bentley;28932079
Tanjob;16962.58;5315.52;Hoffman PLC;38529313
Viaity;94023.42;4242.44;Nash Inc;56139785
Overex;50202.28;1943.86;Cunningham LLC;06602598
Super Kaytouch;34011.43;1940.0;Galloway LLC;82574253
Volt Tokix;65918.58;7942.19;Jones, Davis and Schmidt;87319439
Dentotech;11105.64;4794.02;Burns-Randall;60339645
Son La;82135.09;3088.89;Henderson-Davis;33292953
Saotip;48180.42;2550.15;Gonzalez, Myers and Green;35666226
Transron;77370.85;4248.25;Cortez, Cisneros and Butler;89454169
Zathsaofax;84655.23;9519.14;Combs-Howell;15788870
Golding;90040.79;4757.6;Miller LLC;29096008
Toughdex;20236.02;970.85;Oconnor, Miller and Bell;50081677
Double Tip;63578.59;3450.28;Williams PLC;30880856
Big Tough;30914.88;6912.29;Gill, Ramos and Sampson;62211420
Tonkix;12640.55;9830.84;Koch-Hale;50368532
Nam La;3755.98;2644.93;Marshall, Obrien and Stanley;87730753
Matnix;39061.59;1726.88;Jones and Sons;48911832
Roundqvofix;99047.57;5235.19;Brown, Stevens and Mills;40156293
Haysanfax;57990.03;7034.27;Smith, Sanders and Mueller;00725682
Cof Statlam;36580.65;9399.12;Brown, Jones and Hill;47211582
Zathsing;48663.97;2310.41;Stephens Ltd;66756774
Indigosing;38677.04;5724.78;Rodriguez PLC;53900432
Jaytouch;77528.1;5802.3;Rivera-Thomas;52327513
Geotax;42845.66;8645.87;Floyd and Sons;02054421
Silver In;59310.61;9068.52;Wood PLC;33557939
Zertom;13700.7;5518.55;Medina Ltd;64849997
Physfresh;15716.39;9824.35;Little Inc;85080454
Openlux;93570.78;5578.77;Johnson, Bond and Saunders;93231725
Kan It;23121.24;7931.16;Owen and Sons;88434476
Dinghome;85951.85;3928.6;Reeves, Clay and Rodriguez;23716094
Zath Runing;9026.47;6705.17;Erickson and Sons;55487146
Trissing;7554.43;5352.06;Jackson-Durham;59739326
Holdlight;24555.22;1578.75;Hubbard-Padilla;60115706
String-Dax;61836.9;2671.77;Flynn, Baldwin and Ward;20949754
Ontoraneco;93567.02;8982.89;Clark-Christian;24177399
Onto Hotsing;16035.79;570.64;King, Johnson and Garza;48120609
Spantom;67452.55;2789.2;Boyd-Chapman;66801627
Uniing;40617.25;9926.77;Harrison, Campbell and Walker;76741883
Unokix;27749.77;7292.58;Ward, Pittman and Clark;11152033
Xxx-top;83012.44;1195.46;Garcia-White;26881096
Sub Find;51362.45;6706.58;Williams, Gonzales and Cortez;43166312
Inchtouch;75238.69;1301.14;Wolfe-Beard;30477636
Index;54166.72;1658.64;Anderson Group;18013054
Inch Tanwarm;54013.13;8466.05;Gill Group;47841253
Inchtough;8736.54;6578.09;Horton-Richard;99441739
Topcore;16456.44;4066.29;Garcia PLC;51243890
Ecodom;26017.87;1324.55;Ramirez Ltd;03377529
Trippletough;79292.52;9914.88;Olson-Mccormick;98655939
Temp Sundom;84902.82;9520.71;Walker LLC;43124039
Movedex;46207.45;992.41;Hurst-Reed;60283474
Softtouch;4365.06;717.2;Carter-Ingram;45523106
Keyfan;44697.36;149.12;Sawyer-Fuentes;95310633
Hotex;61175.58;6516.72;Page PLC;99409425
Hatla;29832.41;4093.85;Dominguez-Wilson;37958220
Roundbam;87668.3;2903.8;Brown, Parks and Barajas;15142047
Conflex;34350.44;9581.46;Ball-Haynes;13022006
Mathtam;46141.03;7791.97;Hill LLC;14122088
Lot Traxit;68414.02;6830.47;Chen, Burke and Ward;83235788
Touchdamex;20198.72;9597.88;Hubbard-Morris;53291264
Warmtantrax;24861.93;1527.62;Williams-Brandt;52349201
Fun Dox;14804.89;9345.9;Welch, Warren and Torres;96791691
Zamstring;12120.62;5740.86;Sanchez-Novak;92878075
Sunit;61122.91;9010.7;Brooks, Wood and Hines;69923678
Cofstock;63193.17;3618.07;Scott Group;95235561
Quadlax;22711.97;7861.8;Shaw-Mcdaniel;50654048
Golden-Top;87294.25;8881.1;Young-Morales;98199068
Dalt Mattone;54614.39;1449.73;Walker-Harris;61484948
Viais;87616.21;3814.35;Barker Inc;46733924
Unatanfresh;10970.03;9758.3;Martinez-Flores;43222889
Unicof;94823.81;8658.29;Mckee Inc;54789210
Hotwarm;40422.34;2304.16;Ortiz-Moore;48462297
Zaamlam;86037.31;7665.85;Raymond-Winters;69474941
Run Saotex;62051.02;2607.24;Ward-Sheppard;78771093
Zummatone;90577.75;1583.32;Lewis Group;93925471
Ranksing;82883.23;2899.43;Nelson-Martinez;52383649
Zonetax;96231.32;2987.11;Bush-Wood;14643613
Zaammatphase;3592.67;3575.04;Ryan LLC;99655372
Trandax;99858.27;6722.39;Baker-Roberts;97945925
Runzap;37415.25;5960.11;Martinez-Quinn;66412120
Ran-Flex;96266.06;5190.42;James, Jackson and Lynch;35414193
Geokix;80553.27;5034.07;Erickson, Spencer and Sellers;28383529
Son Ron;96559.79;8873.88;Mitchell, Kirby and Johnson;22286789
Qvo Silcore;78853.88;3584.84;Walker Group;02922263
Techranfan;11099.62;3483.02;Williams, Smith and Gonzalez;88461588
Ronex;51430.94;4520.93;Pierce-Stevens;69012655
Warm Donfresh;2388.8;5334.4;Tyler, Lara and Edwards;68938444
Indigoplus;49365.72;4504.52;Galvan-Mckenzie;81946068
Ecostrong;79488.69;9016.83;Wood, Peters and Hardy;95412573
Vaiaflex;8513.34;3673.29;Ferguson-Perry;98026883
Tampnimfresh;23710.11;5839.75;Rodriguez-Gomez;00763004
Joycore;52645.71;2152.68;Long Inc;75378967
Strongit;62524.45;2532.52;Harris Inc;36596256
Konjaywarm;77450.3;8630.8;Hernandez and Sons;08519597
Bluezap;60784.15;7815.16;Taylor-Rodgers;38200847
Kinair;46282.18;6257.14;Cordova Group;56225167
Opetop;64156.7;3737.21;Anderson Ltd;05502394
Via Tam;80119.41;1560.45;Parker Inc;86334907
Sing Fix;31581.42;6445.15;Jensen Group;61984004
Roundcof;37245.56;6190.07;Smith LLC;26887654
Zathlab;90557.67;9861.11;Olsen-Sanchez;62293792
Keyhatstock;48033.2;8344.48;Kent Inc;84618528
Xxx-flex;15190.01;2549.08;Erickson Group;03536544
Free Tone;72906.44;7488.61;Weeks, Diaz and Blankenship;11204107
Tanoveron;90969.25;1483.8;Medina-Harper;78891173
Donfan;87142.92;4858.95;Solis and Sons;84872463
Canhome;38809.89;6104.86;Harris-Adams;35737308
Supertrax;74810.34;9748.35;Copeland, Rodriguez and Campos;04282938
Dom Donair;35124.83;4295.62;Craig-Carter;71174716
Salt-Touch;33427.08;1161.43;Hines-Mata;16656871
Matit;36326.28;7625.49;Mcmillan-Foster;55845533
Tampstatstring;21981.38;1797.11;Griffin LLC;23213968
Sumhold;95716.18;6795.33;Watts PLC;61636972
Geotough;91352.11;357.71;Cochran-Castro;11274421
Y-flex;81008.49;8242.05;Johnson Ltd;87172812
Faseredit;88437.98;1237.13;Thompson Group;14450068
Viva-Cof;92648.83;3227.64;Newton Inc;57652214
Med Find;85301.7;7987.41;Baker Inc;82213008
Zot Zozing;49512.83;8411.03;Russo and Sons;97566717
Stockdox;937.86;5683.17;Klein and Sons;20027698
Keynix;30742.07;5851.19;Smith, Parks and Parsons;72850091
Anfix;18578.7;3595.66;Bennett-Andrews;13001940
String Canair;4009.01;5901.66;Nelson, Sullivan and Savage;01922813
Mathdex;60622.05;3794.17;Berry, Barker and Davis;10231005
Greenstrong;19666.02;117.91;Mccoy-Smith;76581892
Driptam;69600.72;6942.49;Cole Inc;16117976
Softis;41588.08;9738.07;Cohen-Reyes;67153336
Grave Com;42888.38;5925.3;Allison-Barry;70160772
Kinphase;53870.91;313.63;Little PLC;29038312
S--Tax;30826.02;9172.57;Terry PLC;69204449
Stimrunex;69351.09;8264.3;Krueger Ltd;73338666
Groovehome;92567.21;2467.08;Skinner-Simmons;30379763
Spanity;55340.07;3353.39;Leonard and Sons;04612278
Konbam;54154.95;2890.31;York Group;69991578
Hotron;69507.84;5736.68;King, Cline and Armstrong;27711972
Fun Hotkix;87912.64;4206.73;Bishop, Robinson and Black;96281017
Konkis;86715.84;3322.74;Williams-Hall;16042247
Techcore;27536.94;8754.29;Kim PLC;29296743
Konk-Dax;97937.03;9489.93;Mendez and Sons;02335827
Gold Matstock;3403.54;9210.29;Miller-Bryant;76197758
Top-Hold;30687.86;3562.6;Martinez, Silva and Dunn;26884370
Sanlux;64518.91;1617.31;May-Davis;21428913
Nimplus;92945.69;7848.63;Hawkins PLC;79616089
Quo-Tone;34470.81;3281.99;Levine, Floyd and Hurley;14200939
Alphafind;85931.91;2384.18;Grant, Webb and Bennett;03155349
Nam Zuntough;57385.12;5050.86;Fleming-Mclaughlin;93148801
Subeco;69086.22;9525.15;Schroeder, Herrera and Conrad;37192464
Dripzap;29568.87;6294.17;Shaw Group;50390540
Med-Find;96108.57;6271.96;Hamilton, Stafford and Hansen;85580459
Flex Stock;97572.64;4371.88;Johnson, Garcia and Byrd;31638005
Voyakix;98909.42;7331.29;Young, Johnson and Mccoy;76888649
Ventotop;98275.17;7277.5;Campbell, Austin and Ortega;87415049
Tin-Zap;59846.19;2009.36;Morales, Fitzgerald and Parsons;22653895
Ranfix;66119.56;7946.17;Armstrong, Hernandez and Smith;20945053
Flex-Ing;16996.29;9690.72;Norris, Walsh and Valentine;12497904
Trustgocom;62564.52;6514.92;Kent, Richardson and Williams;22427779
Warmtouch;18907.69;5689.38;Smith, Goodman and Hansen;62103916
Quosing;7155.75;882.67;Ortiz LLC;91609588
Alphatip;3800.37;9342.73;Lang Ltd;58710715
Scotlax;56620.42;7111.2;Farley-Ray;42581468
Zamsoft;57906.82;2130.58;Nguyen-Fernandez;39069214
Lattom;70567.86;4925.17;Williams, Kline and Patel;47379466
Tamtinfix;42421.74;5039.83;Moreno, Dean and Neal;60786265
Unawarm;43138.54;986.38;Palmer Inc;76450402
Dontax;6338.88;1100.65;Roberts-Perkins;25566055
Opendax;95563.95;928.36;Bray Ltd;83900020
Plus Domtex;54709.49;1543.1;Simon, Gutierrez and Jimenez;24886147
Homelam;24294.42;9315.85;Bowen PLC;19431963
Spanlex;54967.36;9317.31;Ballard Ltd;99195281
Kan Zooity;1784.22;4490.27;Nguyen PLC;38272066
Canzoostock;90637.92;232.65;Gordon, Sparks and Jones;00977593
Bamjob;65231.37;5657.06;Camacho-Rodriguez;08936929
Ontolam;14244.0;7538.07;Anderson LLC;73039815
Tresit;54237.84;8240.64;Lopez, Richardson and Houston;49954906
Saofresh;67956.14;9189.14;Bishop-Gonzales;23622746
Ecosoft;35322.96;6987.12;Gray Inc;13842000
Light Tough;22863.08;1227.83;Thomas Ltd;32146066
Jobhome;37982.09;5091.82;Shaw-Williams;68545949
Betaplus;17543.66;3946.84;Hernandez Ltd;02711478
Toughla;78038.59;3510.96;Holmes-Cox;14483745
Year Eco;72562.42;4406.09;White-Keith;76975028
Trestip;90786.02;7009.9;Johnson and Sons;52976483
Ranla;80962.27;9893.78;Fisher, Chang and Schmidt;90282188
Move-Tam;91963.71;3195.88;Adkins-Brown;22125774
Homefan;5939.24;4276.26;Oliver, Gonzales and Pena;13420840
Zer-Lam;7660.19;4804.96;Smith PLC;43750115
Sing Donnix;17114.01;9180.81;Jacobs-Mcdonald;77523716
Unitop;13621.25;8412.96;Reid Ltd;97140337
Tampquosoft;68802.4;3484.15;Garner Ltd;81107612
Freshtex;2034.86;4423.5;Pitts-Kennedy;31267779
Freetex;22498.81;1954.79;Patterson Group;79205689
Stringstring;51699.01;7130.12;Lawrence-Kim;44893798
Lattex;96023.78;6867.95;Logan-Foster;15847065
White-Lex;39697.8;6998.37;Guerra, Vance and Craig;46880802
Zon-Eco;56476.56;7576.42;Cole-Harris;88956909
Lamsoft;37958.07;7008.7;Ruiz, Evans and White;88929590
Tan Tech;69197.98;4702.19;Arnold LLC;02379616
Tip-Tech;67408.07;8306.68;Cruz and Sons;66110736
Zoomtax;41750.6;1701.02;Haney, Newman and Parsons;09364172
Fix Tone;43783.17;1723.39;Hansen Ltd;10274910
Moveit;88999.26;4209.06;Johnson Ltd;72529744
Qvobam;18587.45;9914.14;Mccoy-Mayo;90034503
Solo Fintop;97414.43;7030.71;Ramos, Johnson and Williams;16024687
Toneco;16666.09;6976.62;Jefferson, Cooper and Clark;13708078
Temptough;70488.73;2418.38;Pearson-Fuentes;29378708
Fase Dom;51872.19;2694.61;Macdonald-King;19474229
Tipphase;39634.94;1589.43;Allen-Hoffman;55798013
X-anstring;67186.89;9735.17;Stone and Sons;86907576
Zathflex;58137.94;9777.98;Thompson and Sons;08897718
Lighttip;34706.97;6961.81;Hunter, Murphy and Porter;71132617
Hatbam;87047.25;480.37;Black LLC;94298659
Blackflex;85111.38;5574.18;Johnson, Wilson and Love;48540278
Sil String;52930.38;3648.9;Miller, Mitchell and Reed;88572277
Freecore;14264.52;5358.93;Schmidt, Blackburn and Morales;31525787
San-Is;36181.1;8873.66;Mendez, Mccormick and Collins;68394226
Villadox;48915.23;3757.17;Kerr Ltd;32688313
Plussololax;93354.3;6818.27;Rangel, Fisher and Keller;46568168
Lat Zap;52091.22;7981.48;Fisher-Williams;67263851
Inchhome;36062.96;7168.94;Gonzalez, Wong and Long;89301036
Mating;7393.04;8067.15;Roach, Evans and Matthews;31767200
Zum-Find;51311.94;2839.83;Ramirez LLC;76942228
K--In;56633.1;5661.94;Bennett-Rivera;58009659
Icehome;66491.37;8611.06;Vaughn-Beasley;50692859
Zummawarm;7095.55;9147.96;Rhodes-Cooper;40973876
Sonzap;73548.62;6057.22;Thomas Ltd;44668693
Ontotax;17549.2;8439.68;Ray Group;88481357
Rank Top;4746.29;9759.5;Cunningham-Hayden;31884037
Quote Air;45441.71;6030.16;Preston-Pena;65951774
Stocksonhold;81177.5;6796.14;Thompson LLC;63898132
Dongancom;5994.24;2660.84;Wells Ltd;31996488
Zum Finlex;53369.36;7932.08;Watkins-Webb;83252501
Redtouch;58181.32;3520.2;Fisher, Diaz and Smith;60396532
Treefix;89073.75;1633.92;Colon, Peterson and Park;35795933
Sub Ron;18698.56;2899.5;Bennett-Stone;90270741
Holdsing;77143.96;4817.55;Howard, Jordan and Smith;36687244
K-la;67511.22;6768.48;Medina-Riley;97671459
Zoom-Cof;40438.59;2805.49;Ross PLC;71728605
In Fan;2010.59;7347.76;Gilbert, Gonzalez and Nguyen;89494271
Itcantop;12614.13;3483.25;Patterson, Johns and Williams;34110911
Dancof;33384.27;4434.96;Braun Ltd;25932751
Statapjob;46484.66;7142.82;Franklin-Barton;97919070
Goldenjayex;22144.59;7277.48;Roberts-Cruz;43825356
Tam-Dax;98322.82;8313.94;Barry, Davis and Clark;29960378
Fixstatfix;8959.57;6540.17;Ramsey-Roberts;80050162
Mednimdex;84952.76;6488.21;Washington-Patton;19403939
U-dex;61993.07;2916.99;Shaw, Bennett and Lawson;58971055
Villaqvotom;29024.46;6516.84;Miller, Smith and Warren;02732701
Villaquofax;87049.38;9895.98;Ortiz Group;92611870
Medcof;65978.9;5905.64;Davis-Hoover;73132493
Strong In;2769.77;5357.48;Franklin, Fuller and Vasquez;40273587
Tampovetop;53829.5;3560.54;Solis-Schultz;17782227
Whitedax;69380.65;7107.12;Vazquez, Rich and Williams;70281439
Vilajoytip;37698.23;2431.95;Brown-Kelly;90974342
Qvonamjob;51714.85;1342.91;Dean Inc;29694716
Med Latfan;94287.5;948.18;Avila Group;82194789
Tintonlex;76309.83;8219.15;Johnson Group;70755992
Lexi Dubphase;72989.74;4571.28;Olson LLC;51705732
Rundom;85713.02;7621.61;Rose Group;61636477
Vilalax;34730.6;8828.68;Mccormick, Robles and Alvarez;21594571
Dalteco;15418.56;2244.26;Brown-Williams;22333728
Instring;47565.84;7593.31;Young Group;71800608
Superfix;30714.58;7656.0;Garcia, Moreno and Mooney;24610469
K- Qvodox;11012.36;6012.66;Jones, Hutchinson and Baker;73990789
Conex;63645.24;3420.78;Shields, Patel and Ford;58040485
Ran Tam;92185.7;5732.32;Woods, Lucas and Sullivan;86654845
Transis;63530.78;9221.21;Padilla-Moyer;90451737
Stancom;85210.49;4360.59;Brown, Fletcher and Bernard;22308313
Rankix;70175.78;8592.65;Scott-Jackson;29048793
Zaamair;99869.3;9777.54;Smith-Wallace;35506850
Lam Tax;83585.04;7158.89;Johnson-Black;25246308
Sail Air;6714.39;4337.25;Harrison-Drake;63738506
Freshcof;49389.75;1942.08;Anderson, Potter and Dickson;33460611
Onto Saotone;69319.54;3145.75;Gonzalez PLC;81130115
Quoeco;84969.45;2198.92;Franco LLC;25239201
S-fresh;45406.18;3928.07;Garrett-Rodriguez;18123838
Viaplus;13205.24;7276.21;Baird, Rivera and Cain;58461433
Uno-Dex;9843.13;7296.94;Ryan Inc;87302196
Una-String;69071.34;3359.2;Ellis-Gallagher;55841320
Itstrong;24272.51;9533.11;Webb Ltd;68973018
Round-Warm;21079.16;8249.32;Jones-Johnson;52575501
K-lax;30052.09;6331.79;Miller Ltd;19796499
Dripnamhome;61592.84;2960.82;Cruz and Sons;30208360
Singcof;49187.86;1845.15;White Ltd;83713101
Tontouch;8736.75;6448.61;Palmer PLC;72414385
Saotouch;93118.68;8990.37;Pitts Inc;85438422
Soloflex;54534.47;9618.52;Erickson, Singh and Frank;23103306
Stringfind;69290.42;3753.55;Perkins Inc;67529629
Sailflex;25750.88;9736.21;Morris-Miller;71372648
Funsoft;27803.33;7125.06;Castillo Inc;97192558
Dingfind;19096.65;1263.71;Vincent, Bean and Banks;36436934
Beta Eco;2249.25;7877.09;Wade PLC;65871201
Zamjob;50843.23;7745.77;Vasquez Group;32281583
S- Traxfan;43099.66;511.55;Smith Group;91314079
Sonkix;86858.45;2380.77;Price, Campbell and Hopkins;42956983
Bam-Dex;37969.61;7306.0;Walker, Atkins and Nichols;42898825
Sil-Core;58286.37;7685.81;Nelson, Medina and Whitney;84826572
Tinflex;76646.83;7169.98;Brown Ltd;21146879
Sumhold;73170.88;5302.19;Werner, Ryan and Aguilar;12997732
Ap-Lam;77155.8;9462.27;Smith, Bass and Lee;97789109
Light Dom;75210.4;3051.69;Davis and Sons;70968057
Tree Ex;18831.76;3708.02;Cole, Chen and Burns;17526821
Red Fresh;14463.21;3802.01;Liu-Brown;15437457
Tran Eco;88734.89;920.38;Herrera-Salas;42006411
Lating;77350.35;3376.44;Clay-Avila;21143489
Redzunair;12395.83;9882.32;Patterson Inc;12641642
Ventofresh;74297.02;6687.23;Kemp-Campbell;40318226
Trestax;38947.72;291.33;Taylor LLC;29973415
Villa Danis;21475.89;6315.08;Livingston Group;84314826
Zaamsoft;19724.56;4402.43;James and Sons;82082819
Openlab;26431.66;3823.52;Cortez-Lamb;06777876
Job Job;34200.77;2836.9;Williams Ltd;25233988
Hotkix;50131.68;3239.88;Smith-Summers;05464524
Lat Candax;12859.83;8919.82;Willis, Mathews and Rosales;91636171
Zumplus;43737.79;1475.83;Nelson-Davis;29692514
Bluelight;23741.19;5661.09;Young Inc;93325561
Villalax;33129.85;8017.18;Jenkins Group;49430370
Sonstrong;2549.04;6571.06;Bennett PLC;80720096
Eco Ovetone;36744.35;4514.25;Haley-Ali;34115503
Spanfind;42148.02;752.6;Valencia and Sons;15319869
Home String;26633.23;4388.6;Myers and Sons;26980881
K-in;38236.11;5846.42;Hall-Craig;38059711
Tough Fix;29104.73;7717.25;Smith, Walters and Rodriguez;23697331
Strongair;69466.95;9187.19;Rice Inc;11097495
Joy-Air;29470.39;2414.25;Ramirez, Glover and Rubio;79941877
Donlight;62478.28;1789.41;Lewis Group;52415982
Zerfind;50582.57;4255.25;Allen, Ayers and Wheeler;89811269
Inch-La;7818.41;8032.67;Beck-Sanders;29047888
Saofintax;40345.78;2580.82;Pearson Inc;86760218
Solo-La;86539.2;6181.64;Archer-Underwood;22195272
Lamdom;95061.41;6070.43;Ingram, Wyatt and Riley;24597951
Warmnix;96790.77;7771.08;Fowler PLC;53962386
Matlux;52748.57;4042.9;Meadows, Williams and Aguilar;86047883
Round Fix;37697.59;400.16;Johnson, Green and Lewis;90451430
Greenlax;42089.19;1920.21;Keith and Sons;19892870
Doubletax;1757.7;2513.7;Leonard, Hendrix and Lee;18950526
Treslab;52983.14;6302.74;Woods-Franco;29117857
Bluetam;44462.37;8179.6;Jacobs, Khan and Brown;14282379
Isdax;87881.47;5759.68;Kennedy PLC;87532548
Bam-La;14332.26;3606.12;Sanchez and Sons;64984094
Zotstock;93879.5;1143.7;Briggs Ltd;15476609
Flextex;772.28;8496.1;Hebert, Prince and Parker;58836286
Triscof;41560.36;5398.64;Thomas-Griffin;92141926
Topity;30626.77;4860.27;Hull, Lane and Roberts;72256664
Rankwarm;2846.39;2537.61;Ramirez, Young and Riley;15786852
Geofax;75848.73;8424.32;Miller Inc;18950182
Zonfresh;24065.19;3382.51;Cook, Erickson and Watkins;79080019
Med Is;86920.66;4802.71;Parker-Figueroa;24983242
Zoomsoft;56638.94;1706.35;Clark, Garcia and Lucas;33003757
Soncof;67736.53;3434.41;David-Johnson;20698898
Truefix;47242.39;8802.8;Bell Inc;58247846
Kansing;99635.18;9139.02;Garcia, Wong and Madden;49508819
U--Is;11314.84;276.98;Noble-Meyer;79183499
Ozerfix;81942.77;2179.7;Smith and Sons;97257882
Mat Tax;11059.44;5904.85;Butler Inc;90919282
Betatraxtouch;1450.55;5887.61;Davis-Hall;50659333
Duoron;71840.25;4674.61;Neal PLC;63382792
Red-Eco;52204.64;770.79;Collins, Johnson and Liu;68160999
Hotdox;5727.48;7956.72;Guerra, Gomez and Roberts;42549741
Ozertough;7437.22;3153.61;Martinez, Thompson and Rodriguez;99334048
Ron-Bam;50501.74;2328.41;Lucas-Ortega;42781110
Zummaron;93803.24;8772.96;Jones Ltd;28219569
Physair;22868.66;1859.75;Miller-Greene;45274145
Joyla;52785.08;5636.44;Patton LLC;95825052
Zumma-In;65448.75;9316.94;Mathews-Weeks;07396168
Dalt Is;34051.32;8890.53;Wu-Garcia;08801838
Vivaeco;90445.25;496.98;Novak PLC;39560919
Zonetone;67782.26;4274.13;Johnson-Medina;36127511
Matcanhold;98228.87;7007.04;Graham-Armstrong;35394174
Scot Com;88146.15;1974.24;Lucas-Wilson;72027639
Sum-Lex;50013.2;7228.05;Bailey Ltd;78430013
Ontotoneco;69376.7;5055.64;Marsh PLC;24348508
Uno Ity;2463.08;7986.12;Miller-Holland;46005618
X-find;33183.87;3592.18;Bolton Inc;77338969
Solocore;2263.63;9208.03;Lewis Inc;13330033
Ran Strong;79885.37;2193.4;Berry, Vang and Jones;89701621
Red Tex;7639.56;7581.17;Cohen Ltd;45921667
Stimit;56165.27;4496.09;Cooper-Foley;86932196
Big-Nix;16349.68;3689.37;Wells, Molina and Taylor;92047631
Quotetech;78794.41;7638.22;Alvarez Group;80697220
Silverdinex;94623.93;2873.75;Gill, Lewis and Adams;84359346
Alpha Hotfind;38692.86;7567.6;Wagner, Garcia and Greer;10301630
Quadphase;15461.12;4889.15;Chung-Bennett;31225151
Quad-Lex;35061.88;6186.97;Galvan-Padilla;28510222
Kay-Zap;42495.06;2523.85;Thompson, Horne and Stone;53005748
Lexitech;91852.12;2858.41;Davidson-Sutton;43449576
K-com;98409.03;9832.81;Nichols Ltd;77061386
Quote Com;30723.72;8520.26;Taylor-Henderson;13047023
Can Keyfind;10046.5;8679.24;Williams, Nelson and Howell;26256320
Dontip;51507.65;8043.72;Rodriguez-Lee;59896333
Ron Candom;81167.18;2124.34;Glenn-Clark;17818896
Lam Sontrax;65968.81;6275.13;Lara Ltd;93047128
Biotex;29495.94;6320.98;Pierce, Morgan and Frank;91035202
Keyfresh;89000.1;4704.12;Hartman, Gilbert and Day;14810978
Zimflex;94585.55;8645.23;Lee LLC;03106839
Konk-Bam;14775.05;9426.44;Young, Howard and Thompson;99296735
Quostrong;28926.16;4024.27;Anderson, Hernandez and Hart;67193318
Quotouch;20079.94;9508.68;Merritt and Sons;10996171
Tonzendex;35818.27;4490.58;Todd, Gillespie and Hughes;35530374
Tam Dubsing;46735.17;1705.28;Cohen-Pena;23953291
Quote Home;5141.44;5799.74;Hernandez-Fuller;30796768
Strongair;41191.54;4345.67;Mathis and Sons;48418690
Fase Tough;94431.98;3829.21;Wilson, Taylor and Galvan;35237327
Villa Soloron;72568.2;481.42;Hoffman LLC;63623239
Indigosing;88972.7;2544.9;Delgado, Stephens and Lopez;13309909
Tripplekayair;59199.53;4001.77;Mann, Leach and Black;21753879
Vento Dubhome;43765.2;8645.01;White, Schmidt and Lewis;43318988
Rank Tincom;87834.95;4756.16;Rodriguez Group;01951226
Mathredtax;94119.69;4141.41;Merritt Group;75329259
Strongranhome;23401.29;7467.28;Richards Group;62391269
Greenjob;9346.09;7254.18;Parker, Rodriguez and Matthews;24521826
Lat Statstring;54421.41;9800.9;King Ltd;23451520
Singstring;44161.2;1727.09;Rodriguez Ltd;55400244
Strong Top;27192.1;4941.25;Powell, Williamson and Taylor;17578813
Hold Quadsoft;11945.96;2552.5;Nolan, Contreras and Simpson;63142792
Dalt Stock;14509.17;1597.69;Anderson, Lawrence and Moore;44868581
Tampphase;41726.7;6670.71;Mitchell-Harper;99722340
Hold Nimkix;77707.87;9496.45;Baxter-Chang;71372815
Flexron;82160.83;7969.53;Clark-Juarez;67208265
Zoombam;89377.4;295.03;Patterson-Castillo;18406016
Zim Lamstring;26240.53;9191.92;Owens, Marks and Cruz;11600619
Biodox;10761.77;400.08;Cooper-Pearson;08168542
Solozamtip;68919.26;2956.1;Hess Inc;38742071
Med-Find;81902.57;6559.89;Hudson-Williams;23060289
Viaeco;76952.85;296.27;Evans, Robinson and Molina;90074424
Jaycof;13459.91;9886.47;Williams LLC;45585579
Ventodox;18151.7;7726.4;Mason Ltd;14976551
Softis;15151.37;5008.7;Spencer-Ramirez;25670547
Strongdom;10503.51;1861.66;Curtis, Smith and Barker;87692648
Hayis;66543.61;5415.39;Clark-Lewis;77544896
Geocof;8603.46;1102.02;Stanley, Little and Trujillo;57257365
Solodox;71699.24;4973.93;Moore-Hernandez;88692685
Latstring;46560.28;8140.22;Miller LLC;62459501
Golden-Ex;75728.58;6916.69;Wallace PLC;37708184
S-tip;3216.29;5184.3;Acevedo, Barnett and Campbell;59252160
Tondom;41134.28;2256.47;Ward, Moyer and Ramos;56267235
Indigostock;72114.05;1625.89;Hicks-Gonzales;85101753
Span Home;58740.03;5406.46;Freeman Inc;49100082
Ancom;72804.79;5437.71;James-Turner;25925685
Kandax;40455.05;343.95;Simmons Inc;97738909
Viait;65936.11;2881.55;Ramos, Parrish and Mccullough;88237374
Ozer In;68150.46;8855.13;Lawson-Gonzalez;97304180
Runkix;58028.88;2559.55;Lynn-Ryan;41585535
Zaamlex;54158.23;7109.84;Gay, Payne and Harrison;11733287
Roundin;33823.0;6544.38;Carson, Foster and Acosta;43685103
Move-Lex;28361.86;4007.18;Young-Carter;58101896
Lamtam;99533.95;5790.6;Swanson-Williams;81835386
Superfix;59000.17;4848.26;Thompson-Brady;73195146
Mathtex;90521.88;570.81;Collins, Johnson and Jackson;34993132
Konktouch;38183.31;3316.0;Valdez, Snyder and Aguirre;36080618
Statfan;12419.77;3029.4;Hood-Ford;62736145
Zimcof;31350.31;2801.05;Gonzalez Inc;13807269
Alphastrong;91693.62;5504.5;Hodge, Thornton and Carlson;78157507
Dingis;84093.14;7851.88;Carey and Sons;36328390
Groovefind;93416.13;4682.86;Rose-Mcdonald;06771621
Zootam;79121.76;8251.07;Morris, Bryant and Moore;50875160
Fresh-Is;57401.4;390.88;Anderson-Collins;46117106
Toughair;61563.6;4158.97;White-Mcdonald;59217480
Cof Dubsoft;5624.42;3608.91;Rose Inc;52825804
Tough Lab;2761.93;5250.68;Murray-Lucero;93052603
Touchwarm;48607.73;4854.01;Mcknight-Wright;19168845
Quote-Warm;4578.22;2468.73;Williams, Nelson and Dunn;85180000
Xxx--Bam;92237.31;8936.37;Leblanc and Sons;10618868
Lam Dom;39466.97;7720.34;Bowen Inc;71831503
Med Zimtouch;17377.96;7675.41;Hill, Hebert and Page;73629009
Goldcore;36743.74;6076.29;Morgan-Rose;65070420
Infind;99612.63;3872.02;Thomas and Sons;80459750
Y-plus;1163.8;8930.76;Gregory, Castro and Larsen;28657507
S-warm;36862.94;4476.6;Thompson-Kelley;62669665
Dancof;24375.46;6497.92;Crawford-Richardson;21811159
Sun Quotax;74621.44;9330.66;Griffin Group;50548408
Sil Tom;15854.83;8071.48;Moore PLC;02615233
Red Ing;76687.24;7815.34;Kelley and Sons;90895500
Sao Core;71458.74;1666.65;Lane PLC;27768662
Movetip;21295.24;5401.77;Macdonald-Dennis;39987051
Zath Cof;19605.06;4977.79;Gomez-Avila;76442742
Funbam;64915.03;5569.95;Wilson PLC;69932502
Goldtech;11099.5;7642.9;Wright, Lindsey and Brown;70909432
String Hoting;82458.45;1060.83;Clay, Love and Williams;09393813
Biokix;87755.74;9385.41;Ayala Group;03063828
Bluetouch;74034.94;4841.06;Thomas, Thompson and Greer;27871164
Techfix;53942.18;7355.54;Levy-Wilson;90437601
Contrax;69873.09;694.48;Morton-Cain;27141083
Zimphase;93985.22;8757.36;Elliott-King;25931792
Tristofix;85605.35;2050.98;Snyder and Sons;06968427
Stan Tam;52980.43;4830.2;Pennington-Nixon;33488509
Y-bam;37422.84;1198.48;Scott Group;83689307
K-is;24467.97;6736.19;Dean, Robertson and Foster;44695972
Runtone;22129.39;8223.98;Cruz, Jackson and Oneal;41112755
Trans-Soft;84710.32;2496.54;Sawyer, Harmon and Bennett;29684809
Voltla;86983.48;2925.67;Holland, Williams and Stokes;30229983
Lamzap;3682.83;1942.92;Bailey Inc;79766227
Zummadomstock;42472.58;5661.99;Valentine, Clark and Schmitt;03949955
Zumdex;38912.25;5991.06;Harper Ltd;00394604
Opentom;24816.22;6275.66;Smith, Greene and Berry;80864523
Icetrax;56886.38;6717.67;Johns Group;70140125
Zoo Zap;84614.76;5255.15;Daniels, Vasquez and Hunt;38363795
Fix Soft;35171.23;1437.54;Lawson-Kemp;20128807
Fixit;9514.14;7790.5;Morales, Jacobs and Jones;24835237
Runnamjob;85056.85;5581.03;Martinez, Hale and Miller;81389926
Indigo Flex;28365.5;8077.42;Nelson-Powell;53857033
Joycom;71820.38;9376.19;Robbins Ltd;94625776
Laeco;99957.63;2282.57;Moore, Blankenship and Delgado;04512486
Dentophase;51713.17;2443.48;Lowery, Morris and Edwards;32972894
Opezuncore;42519.07;1332.02;Combs and Sons;34509647
Nimtip;59835.74;7644.18;Holmes, Lopez and Jenkins;74968275
Zone-Com;80434.18;4332.86;Mckenzie, Rodriguez and Mclean;67971800
Zathkeyphase;70991.16;4185.53;Jones-Young;44947866
Lazap;25046.19;6628.4;Freeman, Schroeder and Holder;15289513
Onto Matwarm;29184.99;6143.86;Owens, Kennedy and Rocha;77291929
Goldsontough;91079.27;4034.93;Finley LLC;83321870
Kan Dinfix;63220.06;1820.77;Brock-Owen;40482125
Zaamfan;88713.19;2075.27;Patton PLC;93465984
Villastrong;39674.99;5430.56;Baker Ltd;37459239
Open La;64520.96;6218.67;Wells, Allen and Ortiz;07119866
K-fresh;97686.32;668.41;Anderson Ltd;59345930
Sillux;3721.23;6304.51;Ewing, Smith and Stewart;68751654
Loteco;39977.73;1970.24;Cooper-Tate;01827286
Ecoit;29360.49;7642.39;Johnson-Smith;32888782
Stanlight;65121.13;6615.1;Ortiz-Bryan;16909649
Goldentom;13021.48;1672.19;Garcia, Brown and Gordon;26698687
Zamis;64746.16;8869.45;White-Turner;47981027
Uninamtom;8594.32;6568.49;Johnson Group;47400788
Joycore;64175.58;7175.37;Palmer, Cervantes and Alexander;42052876
Zam Ron;95534.87;5751.23;Vaughan-Stout;69889844
Bluenix;51236.66;6923.72;Rose Group;58922736
Hayeco;84719.04;5878.06;Brown LLC;46781406
Zathsing;96943.48;5937.78;Bartlett and Sons;38265303
Ron Hatit;17763.74;7533.17;Harris, Swanson and Perez;81258413
Matstock;3600.7;7167.28;Martinez, Hurley and Nelson;61704817
Airfax;33051.59;1709.25;Gill-Fernandez;97678762
Stansuntough;80825.11;3871.84;Hughes, Montgomery and Baker;59304272
Subronhold;75530.85;8285.61;Weber PLC;01540499
Zotzap;8750.82;2245.25;Lopez, Leach and Griffith;62933605
Bluezumflex;56230.6;8690.49;Thomas LLC;91198211
Transstring;76733.51;7888.0;Evans-Wright;51783839
Canex;61380.28;7334.86;Hendricks, Campbell and Moore;07445835
Quote Air;60778.83;140.07;Wilson Group;39657138
Dantech;33170.25;6051.41;Hicks, Vazquez and Allen;93341042
Lexizumla;85473.44;3082.2;Diaz-Duncan;54808935
Sun Zumhold;52718.86;8527.08;Allen Ltd;39829795
Quadmatfax;82119.98;8876.33;Yates Group;05223589
Blacktop;37074.83;204.24;Ayala-Miller;09899209
Cofphase;37710.77;2164.21;Grant-Roberson;26865225
Goodcantip;10114.5;9287.93;Acosta LLC;72625101
Itjob;30036.0;8686.2;Mcbride, Caldwell and Sims;29134212
Redin;97034.95;9526.99;Silva and Sons;76714511
Damcore;80152.98;2130.61;Rice, Rhodes and Campbell;58178454
Donnix;98285.75;3900.16;Barry, Hall and Rios;37724528
Solodox;35848.59;9997.18;Morgan-Cervantes;17531290
White-Lab;15676.09;2173.65;Cox-Andrews;41495131
Ozer Joyis;51141.31;152.27;Carpenter and Sons;65613078
Stansilbam;23539.75;525.81;Davis, Hill and Martin;60061072
Lot Zamflex;97970.04;2661.01;Jones-Foster;04767862
Qvostock;98796.51;3781.86;Romero-Lopez;74276776
Lain;80194.61;2485.44;Brown, Reyes and Chambers;23474994
Solo Saildom;18460.25;4180.04;Robles, Cruz and Martin;46034113
Zottouch;28209.55;571.91;Lopez, Hutchinson and Carlson;19390604
Rundex;29295.47;8789.83;Freeman-Clayton;06918637
Saoair;59529.38;8072.23;Johnson, Mccall and Sanders;60007612
Geolight;27246.01;8789.29;Myers PLC;93353700
Softit;10009.9;1779.21;Schneider, Kennedy and Greene;45523120
Touching;9861.83;8463.5;Smith, Garrett and Mayo;03428849
Inhold;45185.49;5047.12;Alvarado-Maldonado;64783031
Geo-Ity;78329.55;6399.48;Beasley, Curtis and Ewing;10868591
Yearlex;58025.12;9585.47;Love-Smith;81639885
Sondamdox;86860.89;7667.55;Wall-Perez;38510144
Voyalex;72970.21;7217.21;Jordan PLC;45698613
Sunlam;29686.18;8838.77;Massey PLC;50702213
Triotam;22448.03;5360.97;Harrington, White and Rivera;83863172
Icela;74772.72;9051.08;Davis LLC;60146663
Quoquadtop;94718.85;6520.4;Fisher LLC;50987856
K-ity;17665.02;2993.19;Goodman, Jones and Ellison;33353111
Konktex;59209.27;7425.11;Velasquez Inc;23816701
Opewarm;21656.68;3759.01;Powell LLC;01099508
Treedex;91381.22;9929.11;Brown-Walker;82211769
Plusbam;25796.41;3774.53;Patel, Henson and Smith;47334939
Kinfresh;82447.31;6836.43;Reed-Johnson;76596025
Ventoin;85334.59;682.17;Campbell, Wagner and Lopez;77355607
New Dansing;94845.48;5011.05;Allen-Lane;90736698
